,AR,ARIMA,SARIMA,XGBoost,SVR,LSTM,GRU
0,59.046345413407956,58.03580973106508,53.57801716168672,26.18556669983108,21.574010114798163,32.21409776611081,34.18727422517629
