,AR,ARIMA,SARIMA,XGBoost,SVR,LSTM,GRU
0,26.457623427926674,25.49673412398442,18.853932627253737,11.4850322553182,14.149738225872321,12.507626167076676,11.108150291214256
