,AR,ARIMA,SARIMA,XGBoost,SVR,LSTM,GRU
0,19.006639264806836,24.830642579390695,17.858680650893586,14.291130983240127,13.382727017137688,12.75048046545731,12.882181933820105
