,AR,ARIMA,SARIMA,XGBoost,SVR,LSTM,GRU
0,71.04862425782544,67.75281390562552,49.12823970614138,28.11543746086097,28.780233147126115,24.134746573669585,20.174467835205338
