Series,AR,ARIMA,SARIMA,XGBoost,SVR,LSTM,GRU
DE,26.45762343,25.49673412,18.85393263,11.48503226,14.14973823,12.50762617,11.10815029
