,AR,ARIMA,SARIMA,XGBoost,SVR,LSTM,GRU
0,50.59821799664782,74.08475716935746,63.28349833460665,42.892440776206655,18.185230517343655,47.361671624779305,48.37903313291481
