,AR,ARIMA,SARIMA,XGBoost,SVR,LSTM,GRU
0,6.8523026029951515,4.261412714602006,3.8248378544079276,2.0927753422474984,4.366883813475822,1.669061114963788,1.6045903531800965
