,time_DE_AR,time_DE_ARIMA,time_DE_SARIMA,time_DE_XGBoost,time_DE_SVR,time_DE_LSTM,time_DE_GRU
0,1.2187786102294922,21.03796935081482,46.54823279380798,538.2739441394806,1.0849344730377197,392.90117621421814,347.8447859287262
